full_path,gender,age
imdb_crop/06/nm0000106_rm1518967040_1975-2-22_1982.jpg,0,6
imdb_crop/06/nm0000106_rm2385743360_1975-2-22_1982.jpg,0,6
imdb_crop/06/nm0000106_rm251042560_1975-2-22_1982.jpg,0,6
imdb_crop/06/nm0000106_rm3021649920_1975-2-22_1984.jpg,0,8
imdb_crop/65/nm0000165_rm2843521280_1954-3-1_1963.jpg,1,8
imdb_crop/07/nm0000207_rm3207182848_1980-2-12_1990.jpg,0,9
imdb_crop/33/nm0000233_rm176606976_1963-3-27_1964.jpg,1,0
imdb_crop/33/nm0000233_rm243715840_1963-3-27_1964.jpg,1,0
imdb_crop/55/nm0000255_rm4029852672_1972-8-15_1976.jpg,1,3
imdb_crop/01/nm0000301_rm1025299968_1982-3-11_1991.jpg,0,8
imdb_crop/01/nm0000301_rm1327289856_1982-3-11_1991.jpg,0,8
imdb_crop/01/nm0000301_rm1344067072_1982-3-11_1991.jpg,0,8
imdb_crop/01/nm0000301_rm1427953152_1982-3-11_1991.jpg,0,8
imdb_crop/01/nm0000301_rm1495062016_1982-3-11_1991.jpg,0,8
imdb_crop/01/nm0000301_rm1528616448_1982-3-11_1991.jpg,0,8
imdb_crop/01/nm0000301_rm1746720256_1982-3-11_1991.jpg,0,8
imdb_crop/01/nm0000301_rm1813829120_1982-3-11_1991.jpg,0,8
imdb_crop/01/nm0000301_rm186439168_1982-3-11_1991.jpg,0,8
imdb_crop/01/nm0000301_rm1998378496_1982-3-11_1991.jpg,0,8
imdb_crop/01/nm0000301_rm303879680_1982-3-11_1991.jpg,0,8
imdb_crop/01/nm0000301_rm387765760_1982-3-11_1991.jpg,0,8
imdb_crop/01/nm0000301_rm941413888_1982-3-11_1991.jpg,0,8
imdb_crop/46/nm0000346_rm2108798976_1980-8-26_1990.jpg,1,9
imdb_crop/46/nm0000346_rm2501414400_1980-8-26_1989.jpg,1,8
imdb_crop/46/nm0000346_rm2534968832_1980-8-26_1989.jpg,1,8
imdb_crop/75/nm0000375_rm1018951424_1965-4-4_1975.jpg,1,9
imdb_crop/75/nm0000375_rm398194432_1965-4-4_1975.jpg,1,9
imdb_crop/79/nm0000379_rm1891818752_1982-4-30_1987.jpg,0,4
imdb_crop/51/nm0000451_rm2300087808_1982-1-8_1989.jpg,0,6
imdb_crop/51/nm0000451_rm3425079040_1982-1-8_1989.jpg,0,6
imdb_crop/14/nm0000514_rm327601920_1958-9-25_1964.jpg,1,5
imdb_crop/14/nm0000514_rm75943680_1958-9-25_1964.jpg,1,5
imdb_crop/25/nm0000825_rm1264831488_1952-10-7_1962.jpg,0,9
imdb_crop/14/nm0001014_rm4047346176_1970-3-27_1975.jpg,0,4
imdb_crop/14/nm0001014_rm4265449984_1970-3-27_1975.jpg,0,4
imdb_crop/14/nm0001014_rm4282227200_1970-3-27_1975.jpg,0,4
imdb_crop/71/nm0001271_rm4229609472_1964-5-8_1974.jpg,0,9
imdb_crop/71/nm0001271_rm4279941120_1964-5-8_1974.jpg,0,9
imdb_crop/05/nm0001305_rm2341961984_1976-4-16_1985.jpg,1,8
imdb_crop/43/nm0001343_rm1981910784_1976-5-7_1986.jpg,0,9
imdb_crop/86/nm0001386_rm2256390144_1975-2-4_1985.jpg,0,9
imdb_crop/42/nm0001442_rm2630911744_1968-9-21_1975.jpg,0,6
imdb_crop/99/nm0001499_rm1748864512_1985-2-7_1995.jpg,0,9
imdb_crop/99/nm0001499_rm2139405056_1985-2-7_1994.jpg,0,8
imdb_crop/15/nm0001515_rm2318519296_1983-9-21_1993.jpg,1,9
imdb_crop/15/nm0001515_rm539463168_1983-9-21_1993.jpg,1,9
imdb_crop/76/nm0001576_rm2846459648_1975-12-27_1982.jpg,0,6
imdb_crop/76/nm0001576_rm3275130880_1975-12-27_1982.jpg,0,6
imdb_crop/76/nm0001576_rm4264986624_1975-12-27_1982.jpg,0,6
imdb_crop/80/nm0001580_rm3544177664_1986-6-13_1987.jpg,0,0
imdb_crop/82/nm0001582_rm1059227136_1961-8-14_1969.jpg,0,7
imdb_crop/82/nm0001582_rm1297591040_1961-8-14_1969.jpg,0,7
imdb_crop/22/nm0001622_rm545114112_1976-1-6_1984.jpg,1,7
imdb_crop/22/nm0001622_rm561891328_1976-1-6_1984.jpg,1,7
imdb_crop/31/nm0001631_rm4252075008_1979-1-8_1988.jpg,0,8
imdb_crop/36/nm0001736_rm4038040320_1968-2-1_1973.jpg,1,4
imdb_crop/36/nm0001736_rm4054817536_1968-2-1_1973.jpg,1,4
imdb_crop/60/nm0001760_rm1316538368_1973-5-16_1977.jpg,0,3
imdb_crop/69/nm0001869_rm3413821440_1973-5-5_1982.jpg,0,8
imdb_crop/69/nm0001869_rm3447375872_1973-5-5_1982.jpg,0,8
imdb_crop/28/nm0002028_rm485136384_1962-2-11_1969.jpg,0,6
imdb_crop/28/nm0002028_rm501913600_1962-2-11_1969.jpg,0,6
imdb_crop/24/nm0002124_rm2513471232_1967-6-29_1975.jpg,0,7
imdb_crop/24/nm0002124_rm2530248448_1967-6-29_1975.jpg,0,7
imdb_crop/89/nm0004889_rm4047346176_1972-9-23_1975.jpg,1,2
imdb_crop/93/nm0004893_rm1082571520_1992-8-2_1998.jpg,0,5
imdb_crop/93/nm0004893_rm2359991040_1992-8-2_2002.jpg,0,9
imdb_crop/93/nm0004893_rm4110915584_1992-8-2_1998.jpg,0,5
imdb_crop/93/nm0004893_rm4131294720_1992-8-2_1998.jpg,0,5
imdb_crop/17/nm0004917_rm1234618624_1969-5-12_1979.jpg,0,9
imdb_crop/17/nm0004917_rm1872152832_1969-5-12_1979.jpg,0,9
imdb_crop/17/nm0004917_rm278317312_1969-5-12_1979.jpg,0,9
imdb_crop/41/nm0004941_rm1081919488_1976-8-6_1984.jpg,0,7
imdb_crop/41/nm0004941_rm1149028352_1976-8-6_1984.jpg,0,7
imdb_crop/41/nm0004941_rm1182582784_1976-8-6_1984.jpg,0,7
imdb_crop/51/nm0005151_rm2556599040_1990-10-22_2000.jpg,1,9
imdb_crop/51/nm0005151_rm3801725440_1990-10-22_2000.jpg,1,9
imdb_crop/51/nm0005151_rm3865221888_1990-10-22_2000.jpg,1,9
imdb_crop/51/nm0005151_rm3935943168_1990-10-22_2000.jpg,1,9
imdb_crop/51/nm0005151_rm4086938112_1990-10-22_2000.jpg,1,9
imdb_crop/56/nm0005156_rm3208547840_1986-5-19_1994.jpg,1,7
imdb_crop/57/nm0005157_rm1462016512_1989-3-5_1997.jpg,1,7
imdb_crop/57/nm0005157_rm2689308928_1989-3-5_1999.jpg,1,9
imdb_crop/57/nm0005157_rm2857081088_1989-3-5_1999.jpg,1,9
imdb_crop/57/nm0005157_rm3294206720_1989-3-5_1999.jpg,1,9
imdb_crop/57/nm0005157_rm3310983936_1989-3-5_1999.jpg,1,9
imdb_crop/57/nm0005157_rm3327761152_1989-3-5_1999.jpg,1,9
imdb_crop/57/nm0005157_rm4058356480_1989-3-5_1999.jpg,1,9
imdb_crop/57/nm0005157_rm939950848_1989-3-5_1999.jpg,1,9
imdb_crop/86/nm0005286_rm3510605824_1988-4-10_1996.jpg,1,7
imdb_crop/15/nm0005315_rm1724816128_1965-7-26_1975.jpg,1,9
imdb_crop/33/nm0005433_rm3000276992_1980-7-10_1988.jpg,0,7
imdb_crop/33/nm0005433_rm3017054208_1980-7-10_1988.jpg,0,7
imdb_crop/33/nm0005433_rm3033831424_1980-7-10_1988.jpg,0,7
imdb_crop/33/nm0005433_rm3050608640_1980-7-10_1988.jpg,0,7
imdb_crop/33/nm0005433_rm3067385856_1980-7-10_1988.jpg,0,7
imdb_crop/69/nm2006469_rm2275654144_2002-1-14_2006.jpg,0,3
imdb_crop/90/nm2008890_rm1133484032_1999-4-7_2005.jpg,0,5
imdb_crop/90/nm2008890_rm1150261248_1999-4-7_2005.jpg,0,5
imdb_crop/99/nm0101799_rm1403755264_1993-3-4_2002.jpg,0,8
imdb_crop/99/nm0101799_rm2520488704_1993-3-4_2003.jpg,0,9
imdb_crop/99/nm0101799_rm2535823872_1993-3-4_2002.jpg,0,8
imdb_crop/99/nm0101799_rm3646921472_1993-3-4_2002.jpg,0,8
imdb_crop/99/nm0101799_rm997300992_1993-3-4_2003.jpg,0,9
imdb_crop/36/nm0106736_rm26581248_1991-0-0_1999.jpg,1,8
imdb_crop/36/nm0106736_rm362125568_1991-0-0_1999.jpg,1,8
imdb_crop/44/nm0106844_rm841063168_1963-5-29_1973.jpg,0,9
imdb_crop/48/nm0107748_rm1871616768_1992-5-18_2002.jpg,1,9
imdb_crop/48/nm0107748_rm3258759424_1992-5-18_2000.jpg,1,7
imdb_crop/48/nm0107748_rm394763008_1992-5-18_2001.jpg,1,8
imdb_crop/48/nm0107748_rm484808704_1992-5-18_2000.jpg,1,7
imdb_crop/86/nm0108186_rm1732021760_1986-8-26_1994.jpg,0,7
imdb_crop/77/nm1102577_rm2376764160_1998-4-9_2008.jpg,0,9
imdb_crop/77/nm1102577_rm2410318592_1998-4-9_2008.jpg,0,9
imdb_crop/77/nm1102577_rm2445577216_1998-4-9_2006.jpg,0,7
imdb_crop/77/nm1102577_rm3631782144_1998-4-9_2004.jpg,0,5
imdb_crop/77/nm1102577_rm3672738560_1998-4-9_2008.jpg,0,9
imdb_crop/77/nm1102577_rm3689515776_1998-4-9_2008.jpg,0,9
imdb_crop/77/nm1102577_rm3706292992_1998-4-9_2008.jpg,0,9
imdb_crop/77/nm1102577_rm3740374784_1998-4-9_2008.jpg,0,9
imdb_crop/77/nm1102577_rm4271410432_1998-4-9_2005.jpg,0,6
imdb_crop/77/nm1102577_rm741775872_1998-4-9_2007.jpg,0,8
imdb_crop/77/nm1102577_rm775330304_1998-4-9_2007.jpg,0,8
imdb_crop/77/nm1102577_rm792107520_1998-4-9_2007.jpg,0,8
imdb_crop/77/nm1102577_rm830052608_1998-4-9_2004.jpg,0,5
imdb_crop/19/nm3103119_rm1453427200_1999-8-19_2009.jpg,1,9
imdb_crop/10/nm3106310_rm1419613184_2001-12-28_2004.jpg,0,2
imdb_crop/10/nm3106310_rm1453167616_2001-12-28_2004.jpg,0,2
imdb_crop/10/nm3106310_rm2155459584_2001-12-28_2004.jpg,0,2
imdb_crop/21/nm2202521_rm1395037184_1998-7-22_2008.jpg,0,9
imdb_crop/21/nm2202521_rm1502975744_1998-7-22_2008.jpg,0,9
imdb_crop/21/nm2202521_rm1536465408_1998-7-22_2007.jpg,0,8
imdb_crop/21/nm2202521_rm2868419328_1998-7-22_2007.jpg,0,8
imdb_crop/21/nm2202521_rm2902498048_1998-7-22_2007.jpg,0,8
imdb_crop/21/nm2202521_rm2919275264_1998-7-22_2007.jpg,0,8
imdb_crop/21/nm2202521_rm3371014400_1998-7-22_2007.jpg,0,8
imdb_crop/21/nm2202521_rm3538786560_1998-7-22_2007.jpg,0,8
imdb_crop/21/nm2202521_rm3572340992_1998-7-22_2007.jpg,0,8
imdb_crop/21/nm2202521_rm3605895424_1998-7-22_2007.jpg,0,8
imdb_crop/21/nm2202521_rm3656227072_1998-7-22_2007.jpg,0,8
imdb_crop/21/nm2202521_rm3673004288_1998-7-22_2007.jpg,0,8
imdb_crop/21/nm2202521_rm703502592_1998-7-22_2007.jpg,0,8
imdb_crop/21/nm2202521_rm90609408_1998-7-22_2008.jpg,0,9
imdb_crop/73/nm5204873_rm2854343168_2003-12-13_2012.jpg,0,8
imdb_crop/73/nm5204873_rm2887897600_2003-12-13_2012.jpg,0,8
imdb_crop/08/nm0302108_rm2241510144_1969-10-1_1975.jpg,1,5
imdb_crop/24/nm0304324_rm3294332160_1979-12-28_1987.jpg,1,7
imdb_crop/55/nm0304955_rm1258814208_1956-3-25_1964.jpg,1,7
imdb_crop/01/nm0306201_rm2295367424_1973-4-28_1975.jpg,1,1
imdb_crop/01/nm0306201_rm2547025664_1973-4-28_1975.jpg,1,1
imdb_crop/34/nm0308734_rm744864000_1986-2-18_1988.jpg,0,1
imdb_crop/50/nm1501050_rm1214552832_1997-1-24_2006.jpg,1,8
imdb_crop/50/nm1501050_rm1701288192_1997-1-24_2005.jpg,1,7
imdb_crop/50/nm1501050_rm1768397056_1997-1-24_2005.jpg,1,7
imdb_crop/50/nm1501050_rm1885837568_1997-1-24_2005.jpg,1,7
imdb_crop/22/nm1502522_rm1056676608_1996-11-3_2005.jpg,0,8
imdb_crop/22/nm1502522_rm1073453824_1996-11-3_2005.jpg,0,8
imdb_crop/05/nm1505005_rm330927104_1996-6-5_2004.jpg,1,7
imdb_crop/31/nm1508231_rm1205312256_1998-4-14_2005.jpg,1,6
imdb_crop/31/nm1508231_rm2027395840_1998-4-14_2005.jpg,1,6
imdb_crop/27/nm1600527_rm2352322560_1996-10-19_2005.jpg,1,8
imdb_crop/09/nm1600709_rm2352322560_1997-8-25_2005.jpg,0,7
imdb_crop/43/nm0700443_rm1450952704_1979-4-9_1984.jpg,0,4
imdb_crop/43/nm0700443_rm2256259072_1979-4-9_1984.jpg,0,4
imdb_crop/43/nm0700443_rm3749431296_1979-4-9_1984.jpg,0,4
imdb_crop/52/nm2900452_rm3403323136_2000-1-4_2009.jpg,0,8
imdb_crop/98/nm5904498_rm467137024_2005-2-23_2013.jpg,1,7
imdb_crop/98/nm5904498_rm483914240_2005-2-23_2013.jpg,1,7
imdb_crop/82/nm0014582_rm136023552_1990-1-7_2000.jpg,1,9
imdb_crop/82/nm0014582_rm4064251392_1990-1-7_1998.jpg,1,7
imdb_crop/82/nm0014582_rm4232023552_1990-1-7_1998.jpg,1,7
imdb_crop/72/nm0019172_rm2707790336_1963-9-5_1965.jpg,0,1
imdb_crop/72/nm0019172_rm2724567552_1963-9-5_1965.jpg,0,1
imdb_crop/72/nm0019172_rm2741344768_1963-9-5_1965.jpg,0,1
imdb_crop/87/nm0114787_rm858565376_1972-12-27_1982.jpg,1,9
imdb_crop/97/nm0117197_rm114672384_1960-10-11_1963.jpg,0,2
imdb_crop/97/nm0117197_rm2594358016_1960-10-11_1963.jpg,0,2
imdb_crop/97/nm0117197_rm4006920960_1960-10-11_1963.jpg,0,2
imdb_crop/50/nm1113550_rm1779406848_1996-4-14_2006.jpg,0,9
imdb_crop/50/nm1113550_rm1921234944_1996-4-14_2006.jpg,0,9
imdb_crop/50/nm1113550_rm2373564416_1996-4-14_2006.jpg,0,9
imdb_crop/50/nm1113550_rm2774505472_1996-4-14_2004.jpg,0,7
imdb_crop/50/nm1113550_rm308843008_1996-4-14_2006.jpg,0,9
imdb_crop/50/nm1113550_rm864983808_1996-4-14_2002.jpg,0,5
imdb_crop/85/nm1211485_rm1201254400_1994-11-17_2004.jpg,0,9
imdb_crop/85/nm1211485_rm2023337984_1994-11-17_2004.jpg,0,9
imdb_crop/53/nm1216253_rm549034752_1989-2-15_1999.jpg,0,9
imdb_crop/53/nm1216253_rm783915776_1989-2-15_1999.jpg,0,9
imdb_crop/53/nm1216253_rm800692992_1989-2-15_1999.jpg,0,9
imdb_crop/43/nm2215143_rm1085917184_1999-11-10_2007.jpg,0,7
imdb_crop/43/nm2215143_rm116490240_1999-11-10_2007.jpg,0,7
imdb_crop/43/nm2215143_rm1169803264_1999-11-10_2007.jpg,0,7
imdb_crop/43/nm2215143_rm1484517888_1999-11-10_2007.jpg,0,7
imdb_crop/43/nm2215143_rm1585181184_1999-11-10_2007.jpg,0,7
imdb_crop/43/nm2215143_rm1652334592_1999-11-10_2007.jpg,0,7
imdb_crop/43/nm2215143_rm1669111808_1999-11-10_2007.jpg,0,7
imdb_crop/43/nm2215143_rm1729799168_1999-11-10_2007.jpg,0,7
imdb_crop/43/nm2215143_rm1779037952_1999-11-10_2007.jpg,0,7
imdb_crop/43/nm2215143_rm192716800_1999-11-10_2007.jpg,0,7
imdb_crop/43/nm2215143_rm2047473408_1999-11-10_2007.jpg,0,7
imdb_crop/43/nm2215143_rm2114582272_1999-11-10_2007.jpg,0,7
imdb_crop/43/nm2215143_rm2338162944_1999-11-10_2007.jpg,0,7
imdb_crop/43/nm2215143_rm2354940160_1999-11-10_2007.jpg,0,7
imdb_crop/43/nm2215143_rm251627776_1999-11-10_2007.jpg,0,7
imdb_crop/43/nm2215143_rm2581312768_1999-11-10_2007.jpg,0,7
imdb_crop/43/nm2215143_rm261203712_1999-11-10_2007.jpg,0,7
imdb_crop/43/nm2215143_rm280142080_1999-11-10_2007.jpg,0,7
imdb_crop/43/nm2215143_rm3308880128_1999-11-10_2007.jpg,0,7
imdb_crop/43/nm2215143_rm336175104_1999-11-10_2007.jpg,0,7
imdb_crop/43/nm2215143_rm3392648192_1999-11-10_2007.jpg,0,7
imdb_crop/43/nm2215143_rm3518070784_1999-11-10_2007.jpg,0,7
imdb_crop/43/nm2215143_rm3857692416_1999-11-10_2007.jpg,0,7
imdb_crop/43/nm2215143_rm4043683328_1999-11-10_2007.jpg,0,7
imdb_crop/43/nm2215143_rm4060460544_1999-11-10_2007.jpg,0,7
imdb_crop/43/nm2215143_rm444375040_1999-11-10_2007.jpg,0,7
imdb_crop/43/nm2215143_rm467792128_1999-11-10_2007.jpg,0,7
imdb_crop/43/nm2215143_rm477864960_1999-11-10_2007.jpg,0,7
imdb_crop/43/nm2215143_rm484569344_1999-11-10_2007.jpg,0,7
imdb_crop/43/nm2215143_rm487192320_1999-11-10_2007.jpg,0,7
imdb_crop/43/nm2215143_rm528261120_1999-11-10_2007.jpg,0,7
imdb_crop/43/nm2215143_rm6606592_1999-11-10_2007.jpg,0,7
imdb_crop/91/nm3215591_rm2749807360_2001-1-20_2010.jpg,1,8
imdb_crop/91/nm3215591_rm3286469888_2001-1-20_2010.jpg,1,8
imdb_crop/91/nm3215591_rm416321280_2001-1-20_2010.jpg,1,8
imdb_crop/91/nm3215591_rm433098496_2001-1-20_2010.jpg,1,8
imdb_crop/35/nm0312235_rm2657404928_1961-5-22_1970.jpg,1,8
imdb_crop/01/nm0316701_rm1340971264_1996-10-5_2001.jpg,0,4
imdb_crop/01/nm0316701_rm3578239488_1996-10-5_2001.jpg,0,4
imdb_crop/01/nm0316701_rm3595016704_1996-10-5_2001.jpg,0,4
imdb_crop/16/nm0318116_rm2709433088_1968-7-10_1974.jpg,1,5
imdb_crop/16/nm0318116_rm2759764736_1968-7-10_1974.jpg,1,5
imdb_crop/16/nm0318116_rm2776541952_1968-7-10_1974.jpg,1,5
imdb_crop/56/nm0413656_rm1417594880_1980-10-16_1989.jpg,1,8
imdb_crop/56/nm0413656_rm2877212672_1980-10-16_1989.jpg,1,8
imdb_crop/89/nm0414589_rm3530016768_1970-9-26_1978.jpg,0,7
imdb_crop/23/nm1415323_rm1672973312_1992-11-23_2002.jpg,0,9
imdb_crop/23/nm1415323_rm1815778816_1992-11-23_2002.jpg,0,9
imdb_crop/23/nm1415323_rm2821101056_1992-11-23_2002.jpg,0,9
imdb_crop/23/nm1415323_rm2842139392_1992-11-23_1999.jpg,0,6
imdb_crop/23/nm1415323_rm2858916608_1992-11-23_1999.jpg,0,6
imdb_crop/23/nm1415323_rm2875693824_1992-11-23_1999.jpg,0,6
imdb_crop/23/nm1415323_rm2892471040_1992-11-23_1999.jpg,0,6
imdb_crop/23/nm1415323_rm2909248256_1992-11-23_1999.jpg,0,6
imdb_crop/23/nm1415323_rm2942802688_1992-11-23_1999.jpg,0,6
imdb_crop/23/nm1415323_rm2988873216_1992-11-23_2002.jpg,0,9
imdb_crop/23/nm1415323_rm3072759296_1992-11-23_2002.jpg,0,9
imdb_crop/09/nm1416109_rm4256799488_1994-8-9_2003.jpg,1,8
imdb_crop/09/nm1416109_rm4273576704_1994-8-9_2003.jpg,1,8
imdb_crop/90/nm2417490_rm3141509120_2002-5-21_2005.jpg,1,2
imdb_crop/81/nm0513281_rm1947310080_1989-1-3_1997.jpg,1,7
imdb_crop/81/nm0513281_rm1964087296_1989-1-3_1997.jpg,1,7
imdb_crop/81/nm0513281_rm1997641728_1989-1-3_1997.jpg,1,7
imdb_crop/20/nm0517820_rm1485608960_1986-7-2_1993.jpg,0,6
imdb_crop/20/nm0517820_rm2777454592_1986-7-2_1993.jpg,0,6
imdb_crop/20/nm0517820_rm2794231808_1986-7-2_1993.jpg,0,6
imdb_crop/20/nm0517820_rm2811009024_1986-7-2_1993.jpg,0,6
imdb_crop/20/nm0517820_rm3116145408_1986-7-2_1992.jpg,0,5
imdb_crop/20/nm0517820_rm3149699840_1986-7-2_1992.jpg,0,5
imdb_crop/20/nm0517820_rm3200031488_1986-7-2_1992.jpg,0,5
imdb_crop/54/nm0519654_rm1042449920_1960-12-19_1969.jpg,1,8
imdb_crop/37/nm0719637_rm1408347136_1971-1-7_1975.jpg,1,3
imdb_crop/37/nm0719637_rm1525787648_1971-1-7_1975.jpg,1,3
imdb_crop/37/nm0719637_rm1542564864_1971-1-7_1975.jpg,1,3
imdb_crop/11/nm3719111_rm1047510016_1977-0-0_1983.jpg,0,6
imdb_crop/71/nm0815071_rm1231395328_1956-10-14_1965.jpg,0,8
imdb_crop/71/nm0815071_rm1248172544_1956-10-14_1965.jpg,0,8
imdb_crop/71/nm0815071_rm1264949760_1956-10-14_1965.jpg,0,8
imdb_crop/50/nm0819850_rm3808156928_1992-8-4_1994.jpg,1,1
imdb_crop/64/nm0913964_rm2936980480_1961-12-19_1963.jpg,1,1
imdb_crop/97/nm0915797_rm3762270208_1955-9-29_1964.jpg,1,8
imdb_crop/41/nm0918141_rm2381420544_1993-2-16_2001.jpg,1,7
imdb_crop/71/nm0918871_rm2820181504_1984-3-14_1990.jpg,0,5
imdb_crop/71/nm0918871_rm2904067584_1984-3-14_1990.jpg,0,5
imdb_crop/55/nm1910255_rm2716785408_1996-12-29_2004.jpg,1,7
imdb_crop/55/nm1910255_rm3300229632_1996-12-29_2004.jpg,1,7
imdb_crop/60/nm2912860_rm3908156160_2002-10-26_2011.jpg,0,8
imdb_crop/35/nm3918035_rm841588736_1996-9-1_2005.jpg,0,8
imdb_crop/85/nm1021585_rm2653522688_1998-9-0_2008.jpg,0,9
imdb_crop/78/nm1024878_rm1759816960_1973-12-28_1975.jpg,1,1
imdb_crop/78/nm1024878_rm748262400_1973-12-28_1975.jpg,1,1
imdb_crop/78/nm1024878_rm765039616_1973-12-28_1975.jpg,1,1
imdb_crop/79/nm1027879_rm2008783616_1995-3-27_2004.jpg,0,8
imdb_crop/72/nm2023672_rm1566087424_1999-8-22_2007.jpg,1,7
imdb_crop/72/nm2023672_rm2113768448_1999-8-22_2007.jpg,1,7
imdb_crop/36/nm2026536_rm4087715840_1999-10-3_2007.jpg,1,7
imdb_crop/13/nm0126213_rm2020657152_1984-2-15_1991.jpg,1,6
imdb_crop/14/nm1122614_rm1701091840_1996-5-6_2005.jpg,1,8
imdb_crop/14/nm1122614_rm1717869056_1996-5-6_2005.jpg,1,8
imdb_crop/14/nm1122614_rm2419038720_1996-5-6_2006.jpg,1,9
imdb_crop/14/nm1122614_rm2452593152_1996-5-6_2006.jpg,1,9
imdb_crop/14/nm1122614_rm2670696960_1996-5-6_2006.jpg,1,9
imdb_crop/14/nm1122614_rm3344669184_1996-5-6_2005.jpg,1,8
imdb_crop/14/nm1122614_rm3502086912_1996-5-6_2005.jpg,1,8
imdb_crop/14/nm1122614_rm3518864128_1996-5-6_2005.jpg,1,8
imdb_crop/14/nm1122614_rm4166752768_1996-5-6_2005.jpg,1,8
imdb_crop/14/nm1122614_rm480349184_1996-5-6_2006.jpg,1,9
imdb_crop/11/nm3121911_rm1490003968_2002-2-5_2012.jpg,1,9
imdb_crop/11/nm3121911_rm3499211520_2002-2-5_2010.jpg,1,7
imdb_crop/11/nm3121911_rm986687488_2002-2-5_2012.jpg,1,9
imdb_crop/71/nm5123271_rm1278005760_2003-11-5_2013.jpg,1,9
imdb_crop/71/nm5123271_rm915458560_2003-11-5_2013.jpg,1,9
imdb_crop/42/nm5226242_rm1658374912_2008-7-12_2014.jpg,0,5
imdb_crop/82/nm0325382_rm3290861056_1984-4-7_1993.jpg,1,8
imdb_crop/82/nm0325382_rm3810954752_1984-4-7_1993.jpg,1,8
imdb_crop/82/nm0325382_rm4163276288_1984-4-7_1993.jpg,1,8
imdb_crop/24/nm1324324_rm2124650496_1996-0-0_2004.jpg,1,8
imdb_crop/19/nm1325419_rm1231928576_1973-8-22_1975.jpg,0,1
imdb_crop/19/nm1325419_rm1994697984_1973-8-22_1975.jpg,0,1
imdb_crop/32/nm1327832_rm1019855360_1994-3-5_2001.jpg,0,6
imdb_crop/32/nm1327832_rm835305984_1994-3-5_2001.jpg,0,6
imdb_crop/89/nm0427489_rm1020565504_1993-10-8_2001.jpg,1,7
imdb_crop/89/nm0427489_rm1037342720_1993-10-8_2001.jpg,1,7
imdb_crop/89/nm0427489_rm1085577472_1993-10-8_2003.jpg,1,9
imdb_crop/89/nm0427489_rm1171961344_1993-10-8_2003.jpg,1,9
imdb_crop/89/nm0427489_rm1205515776_1993-10-8_2003.jpg,1,9
imdb_crop/89/nm0427489_rm1453824256_1993-10-8_2002.jpg,1,8
imdb_crop/89/nm0427489_rm1496422912_1993-10-8_2003.jpg,1,9
imdb_crop/89/nm0427489_rm1513200128_1993-10-8_2003.jpg,1,9
imdb_crop/89/nm0427489_rm1529977344_1993-10-8_2003.jpg,1,9
imdb_crop/89/nm0427489_rm1570734592_1993-10-8_2003.jpg,1,9
imdb_crop/89/nm0427489_rm1627691008_1993-10-8_2003.jpg,1,9
imdb_crop/89/nm0427489_rm1699517440_1993-10-8_2003.jpg,1,9
imdb_crop/89/nm0427489_rm1761908736_1993-10-8_2003.jpg,1,9
imdb_crop/89/nm0427489_rm1876592640_1993-10-8_2003.jpg,1,9
imdb_crop/89/nm0427489_rm1907661056_1993-10-8_2003.jpg,1,9
imdb_crop/89/nm0427489_rm2315098368_1993-10-8_2001.jpg,1,7
imdb_crop/89/nm0427489_rm2612303616_1993-10-8_2003.jpg,1,9
imdb_crop/89/nm0427489_rm2679412480_1993-10-8_2003.jpg,1,9
imdb_crop/89/nm0427489_rm2880739584_1993-10-8_2003.jpg,1,9
imdb_crop/89/nm0427489_rm3575556096_1993-10-8_2003.jpg,1,9
imdb_crop/89/nm0427489_rm3637427456_1993-10-8_2003.jpg,1,9
imdb_crop/89/nm0427489_rm3880235776_1993-10-8_2003.jpg,1,9
imdb_crop/89/nm0427489_rm3963193600_1993-10-8_2003.jpg,1,9
imdb_crop/89/nm0427489_rm4013525248_1993-10-8_2003.jpg,1,9
imdb_crop/89/nm0427489_rm4032724992_1993-10-8_2003.jpg,1,9
imdb_crop/89/nm0427489_rm806858496_1993-10-8_2003.jpg,1,9
imdb_crop/89/nm0427489_rm814652160_1993-10-8_2002.jpg,1,8
imdb_crop/21/nm1428821_rm2555614208_1999-7-30_2008.jpg,0,8
imdb_crop/06/nm0521006_rm3829379072_1958-2-16_1964.jpg,0,5
imdb_crop/06/nm0521106_rm3665069312_1978-8-9_1987.jpg,0,8
imdb_crop/06/nm2526306_rm2845414400_1985-5-9_1995.jpg,0,9
imdb_crop/06/nm2526306_rm2895746048_1985-5-9_1995.jpg,0,9
imdb_crop/77/nm1628077_rm1138526464_1999-4-27_2009.jpg,0,9
imdb_crop/66/nm2624166_rm289639168_1999-10-6_2009.jpg,1,9
imdb_crop/07/nm0728007_rm416515328_1959-5-6_1968.jpg,0,8
imdb_crop/26/nm1728626_rm1574603776_1998-1-0_2005.jpg,0,7
imdb_crop/26/nm1728626_rm1608158208_1998-1-0_2005.jpg,0,7
imdb_crop/26/nm1728626_rm2009765888_1998-1-0_2007.jpg,0,9
imdb_crop/26/nm1728626_rm565221632_1998-1-0_2005.jpg,0,7
imdb_crop/26/nm1728626_rm581998848_1998-1-0_2005.jpg,0,7
imdb_crop/47/nm1728847_rm946051584_1997-10-10_2005.jpg,0,7
imdb_crop/47/nm1728847_rm962828800_1997-10-10_2005.jpg,0,7
imdb_crop/25/nm0821325_rm673291008_1965-9-14_1973.jpg,0,7
imdb_crop/37/nm0829537_rm675722496_1962-11-28_1969.jpg,1,6
imdb_crop/37/nm0829537_rm893826304_1962-11-28_1969.jpg,1,6
imdb_crop/65/nm0926165_rm2451281920_1988-6-9_1998.jpg,0,9
imdb_crop/65/nm0926165_rm3547568384_1988-6-9_1996.jpg,0,7
imdb_crop/81/nm2921881_rm161453568_1998-9-13_2008.jpg,1,9
imdb_crop/81/nm2921881_rm2140182016_1998-9-13_2008.jpg,1,9
imdb_crop/81/nm2921881_rm2278266368_1998-9-13_2008.jpg,1,9
imdb_crop/81/nm2921881_rm3133904384_1998-9-13_2008.jpg,1,9
imdb_crop/88/nm0035488_rm1910811904_1966-12-4_1975.jpg,1,8
imdb_crop/88/nm0035488_rm1944366336_1966-12-4_1975.jpg,1,8
imdb_crop/88/nm0035488_rm3120869888_1966-12-4_1975.jpg,1,8
imdb_crop/15/nm2030915_rm47224832_1999-2-2_2006.jpg,1,6
imdb_crop/60/nm0130860_rm1583664384_1988-5-7_1995.jpg,0,6
imdb_crop/60/nm0130860_rm3236154624_1988-5-7_1995.jpg,0,6
imdb_crop/60/nm0130860_rm3286486272_1988-5-7_1995.jpg,0,6
imdb_crop/60/nm0130860_rm3471035648_1988-5-7_1995.jpg,0,6
imdb_crop/14/nm1137414_rm1720621824_1994-4-16_2002.jpg,0,7
imdb_crop/14/nm1137414_rm1737399040_1994-4-16_2002.jpg,0,7
imdb_crop/67/nm2131767_rm2715916544_1996-3-22_2005.jpg,1,8
imdb_crop/11/nm3132111_rm701088256_1996-1-31_2001.jpg,0,4
imdb_crop/11/nm3132111_rm835305984_1996-1-31_2001.jpg,0,4
imdb_crop/99/nm3135499_rm3904287232_2004-1-10_2011.jpg,0,6
imdb_crop/99/nm3135499_rm4172722688_2004-1-10_2011.jpg,0,6
imdb_crop/99/nm3135499_rm4239831552_2004-1-10_2011.jpg,0,6
imdb_crop/38/nm0234538_rm1258814208_1955-11-9_1964.jpg,0,8
imdb_crop/45/nm0339745_rm1012509440_1978-5-26_1986.jpg,1,7
imdb_crop/45/nm0339745_rm3799894016_1978-5-26_1986.jpg,1,7
imdb_crop/45/nm0339745_rm3816671232_1978-5-26_1986.jpg,1,7
imdb_crop/45/nm0339745_rm4001220608_1978-5-26_1986.jpg,1,7
imdb_crop/35/nm0532235_rm4080184320_1973-10-26_1976.jpg,1,2
imdb_crop/78/nm0539678_rm137924096_1984-7-7_1993.jpg,1,8
imdb_crop/78/nm0539678_rm1731759616_1984-7-7_1993.jpg,1,8
imdb_crop/78/nm0539678_rm3184428288_1984-7-7_1993.jpg,1,8
imdb_crop/60/nm1530860_rm3602225152_1995-2-1_2004.jpg,1,8
imdb_crop/60/nm1530860_rm3619002368_1995-2-1_2004.jpg,1,8
imdb_crop/23/nm1535523_rm1408211712_1998-7-8_2006.jpg,1,7
imdb_crop/23/nm1535523_rm1424988928_1998-7-8_2006.jpg,1,7
imdb_crop/23/nm1535523_rm1621854720_1998-7-8_2008.jpg,1,9
imdb_crop/23/nm1535523_rm2262469632_1998-7-8_2006.jpg,1,7
imdb_crop/23/nm1535523_rm2279246848_1998-7-8_2006.jpg,1,7
imdb_crop/23/nm1535523_rm2900003840_1998-7-8_2006.jpg,1,7
imdb_crop/23/nm1535523_rm3017444352_1998-7-8_2006.jpg,1,7
imdb_crop/23/nm1535523_rm3034221568_1998-7-8_2006.jpg,1,7
imdb_crop/23/nm1535523_rm3568408320_1998-7-8_2008.jpg,1,9
imdb_crop/23/nm1535523_rm3995900672_1998-7-8_2007.jpg,1,8
imdb_crop/23/nm1535523_rm990024704_1998-7-8_2008.jpg,1,9
imdb_crop/28/nm2535228_rm1156093952_2002-6-4_2007.jpg,0,4
imdb_crop/28/nm2535228_rm851749888_2002-6-4_2012.jpg,0,9
imdb_crop/69/nm1631269_rm1098757632_1997-2-10_2006.jpg,0,8
imdb_crop/69/nm1631269_rm1300084224_1997-2-10_2006.jpg,0,8
imdb_crop/69/nm1631269_rm1923588608_1997-2-10_2006.jpg,0,8
imdb_crop/69/nm1631269_rm1990697472_1997-2-10_2006.jpg,0,8
imdb_crop/69/nm1631269_rm241414912_1997-2-10_2007.jpg,0,9
imdb_crop/69/nm1631269_rm258192128_1997-2-10_2007.jpg,0,9
imdb_crop/69/nm1631269_rm2727002624_1997-2-10_2006.jpg,0,8
imdb_crop/69/nm1631269_rm3316620032_1997-2-10_2006.jpg,0,8
imdb_crop/07/nm1631607_rm2352322560_1995-1-21_2005.jpg,0,9
imdb_crop/75/nm0731075_rm3809909248_1991-2-10_2001.jpg,0,9
imdb_crop/69/nm1736769_rm3756430336_1998-1-28_2007.jpg,0,8
imdb_crop/69/nm1736769_rm4111373312_1998-1-28_2008.jpg,0,9
imdb_crop/82/nm1739782_rm2264832768_1999-4-7_2007.jpg,1,7
imdb_crop/82/nm1739782_rm862361344_1999-4-7_2008.jpg,1,8
imdb_crop/14/nm2732114_rm1273596160_2000-9-28_2008.jpg,1,7
imdb_crop/14/nm2732114_rm1529382656_2000-9-28_2010.jpg,1,9
imdb_crop/14/nm2732114_rm1579122688_2000-9-28_2010.jpg,1,9
imdb_crop/27/nm0834427_rm2920203264_1959-4-6_1963.jpg,1,3
imdb_crop/77/nm0837177_rm1592896512_1975-9-18_1975.jpg,1,0
imdb_crop/77/nm0837177_rm2120061952_1975-9-18_1975.jpg,1,0
imdb_crop/77/nm0837177_rm332241152_1975-9-18_1975.jpg,1,0
imdb_crop/59/nm0838059_rm891852800_1991-7-12_2000.jpg,1,8
imdb_crop/73/nm2832473_rm1786291968_1997-8-10_2007.jpg,0,9
imdb_crop/17/nm3835417_rm1680653056_2008-9-17_2010.jpg,0,1
imdb_crop/17/nm3835417_rm1697430272_2008-9-17_2010.jpg,0,1
imdb_crop/17/nm3835417_rm1714207488_2008-9-17_2010.jpg,0,1
imdb_crop/17/nm3835417_rm19708672_2008-9-17_2010.jpg,0,1
imdb_crop/17/nm3835417_rm372030208_2008-9-17_2010.jpg,0,1
imdb_crop/34/nm3838034_rm2403119360_2000-8-24_2007.jpg,1,6
imdb_crop/20/nm4832920_rm130460160_2003-8-28_2012.jpg,0,8
imdb_crop/20/nm4832920_rm1388033280_2003-8-28_2012.jpg,0,8
imdb_crop/20/nm4832920_rm1680974080_2003-8-28_2013.jpg,0,9
imdb_crop/20/nm4832920_rm1781768448_2003-8-28_2013.jpg,0,9
imdb_crop/20/nm4832920_rm1925035264_2003-8-28_2012.jpg,0,8
imdb_crop/20/nm4832920_rm247313664_2003-8-28_2012.jpg,0,8
imdb_crop/20/nm4832920_rm2493492224_2003-8-28_2012.jpg,0,8
imdb_crop/20/nm4832920_rm2527373824_2003-8-28_2012.jpg,0,8
imdb_crop/20/nm4832920_rm264090880_2003-8-28_2012.jpg,0,8
imdb_crop/20/nm4832920_rm3636832768_2003-8-28_2012.jpg,0,8
imdb_crop/20/nm4832920_rm633776640_2003-8-28_2012.jpg,0,8
imdb_crop/20/nm4832920_rm700885504_2003-8-28_2012.jpg,0,8
imdb_crop/20/nm4832920_rm767994368_2003-8-28_2012.jpg,0,8
imdb_crop/20/nm4832920_rm801548800_2003-8-28_2012.jpg,0,8
imdb_crop/20/nm4832920_rm96905728_2003-8-28_2012.jpg,0,8
imdb_crop/55/nm0931955_rm3379861760_1994-0-0_2003.jpg,1,9
imdb_crop/55/nm0931955_rm3648297216_1994-0-0_2003.jpg,1,9
imdb_crop/55/nm0931955_rm4201945344_1994-0-0_2003.jpg,1,9
imdb_crop/98/nm0933798_rm665491712_1987-7-24_1994.jpg,0,6
imdb_crop/98/nm0933798_rm67156224_1987-7-24_1996.jpg,0,8
imdb_crop/98/nm0933798_rm83933440_1987-7-24_1996.jpg,0,8
imdb_crop/28/nm1933128_rm1658620672_1999-10-15_2009.jpg,0,9
imdb_crop/28/nm1933128_rm1675397888_1999-10-15_2009.jpg,0,9
imdb_crop/28/nm1933128_rm1878244096_1999-10-15_2007.jpg,0,7
imdb_crop/28/nm1933128_rm3769077248_1999-10-15_2009.jpg,0,9
imdb_crop/28/nm1933128_rm669682432_1999-10-15_2008.jpg,0,8
imdb_crop/18/nm1934618_rm1202238720_2003-8-18_2012.jpg,1,8
imdb_crop/18/nm1934618_rm2421533184_2003-8-18_2012.jpg,1,8
imdb_crop/93/nm2933393_rm902414848_1993-12-8_2001.jpg,0,7
imdb_crop/23/nm0046723_rm1899793920_1988-12-5_1994.jpg,1,5
imdb_crop/50/nm0143150_rm3440095744_1979-11-8_1988.jpg,1,8
imdb_crop/50/nm0143150_rm3591090688_1979-11-8_1988.jpg,1,8
imdb_crop/61/nm0143261_rm874617600_1971-2-9_1973.jpg,0,1
imdb_crop/61/nm0143261_rm891394816_1971-2-9_1973.jpg,0,1
imdb_crop/68/nm3140268_rm1458145536_2001-1-13_2008.jpg,0,6
imdb_crop/81/nm0240381_rm1026398720_1987-9-28_1992.jpg,0,4
imdb_crop/81/nm0240381_rm1043175936_1987-9-28_1992.jpg,0,4
imdb_crop/81/nm0240381_rm1059953152_1987-9-28_1992.jpg,0,4
imdb_crop/81/nm0240381_rm825072128_1987-9-28_1992.jpg,0,4
imdb_crop/81/nm0240381_rm841849344_1987-9-28_1992.jpg,0,4
imdb_crop/81/nm0240381_rm858626560_1987-9-28_1992.jpg,0,4
imdb_crop/81/nm0240381_rm875403776_1987-9-28_1992.jpg,0,4
imdb_crop/40/nm1244840_rm573020672_1997-8-15_2007.jpg,0,9
imdb_crop/83/nm1249883_rm1141217792_1984-10-3_1993.jpg,0,8
imdb_crop/30/nm5242830_rm4047555072_2006-5-26_2014.jpg,0,7
imdb_crop/30/nm5242830_rm4114663936_2006-5-26_2014.jpg,0,7
imdb_crop/44/nm5243044_rm3946891776_2006-5-26_2014.jpg,0,7
imdb_crop/44/nm5243044_rm3973378560_2006-5-26_2014.jpg,0,7
imdb_crop/13/nm4341913_rm2166733568_1993-10-9_2002.jpg,0,8
imdb_crop/13/nm4341913_rm2281683712_1993-10-9_2002.jpg,0,8
imdb_crop/13/nm4341913_rm2301737216_1993-10-9_2002.jpg,0,8
imdb_crop/13/nm4341913_rm2514860032_1993-10-9_2002.jpg,0,8
imdb_crop/13/nm4341913_rm290175232_1993-10-9_2002.jpg,0,8
imdb_crop/13/nm4341913_rm3221207808_1993-10-9_2002.jpg,0,8
imdb_crop/13/nm4341913_rm3317217280_1993-10-9_2002.jpg,0,8
imdb_crop/13/nm4341913_rm3481319680_1993-10-9_2002.jpg,0,8
imdb_crop/13/nm4341913_rm3742808576_1993-10-9_2002.jpg,0,8
imdb_crop/13/nm4341913_rm407615744_1993-10-9_2002.jpg,0,8
imdb_crop/13/nm4341913_rm474724608_1993-10-9_2002.jpg,0,8
imdb_crop/13/nm4341913_rm775469312_1993-10-9_2002.jpg,0,8
imdb_crop/82/nm0440082_rm2049412608_1984-11-13_1993.jpg,0,8
imdb_crop/40/nm1442940_rm3965098752_1996-10-3_2006.jpg,0,9
imdb_crop/33/nm0542133_rm711965696_1976-12-28_1983.jpg,1,6
imdb_crop/44/nm1541944_rm1441173760_1995-3-20_2005.jpg,0,9
imdb_crop/44/nm1541944_rm1592168704_1995-3-20_2005.jpg,0,9
imdb_crop/00/nm1544100_rm2058533376_1997-5-5_2007.jpg,1,9
imdb_crop/00/nm1544100_rm2092087808_1997-5-5_2007.jpg,1,9
imdb_crop/08/nm2545508_rm445222400_1997-1-14_2007.jpg,1,9
imdb_crop/08/nm2545508_rm461999616_1997-1-14_2007.jpg,1,9
imdb_crop/16/nm2546716_rm1650571008_2002-9-0_2012.jpg,1,9
imdb_crop/16/nm2546716_rm1724560384_2002-9-0_2012.jpg,1,9
imdb_crop/16/nm2546716_rm1976218624_2002-9-0_2012.jpg,1,9
imdb_crop/22/nm3543122_rm3695805952_2002-10-3_2010.jpg,1,7
imdb_crop/22/nm3543122_rm608863744_2002-10-3_2004.jpg,1,1
imdb_crop/22/nm3543122_rm82872576_2002-10-3_2008.jpg,1,5
imdb_crop/22/nm3543122_rm896576000_2002-10-3_2012.jpg,1,9
imdb_crop/22/nm3543122_rm99649792_2002-10-3_2009.jpg,1,6
imdb_crop/43/nm0646943_rm1898286592_1981-10-10_1991.jpg,1,9
imdb_crop/43/nm0646943_rm2015727104_1981-10-10_1991.jpg,1,9
imdb_crop/43/nm0646943_rm2066058752_1981-10-10_1991.jpg,1,9
imdb_crop/43/nm0646943_rm3626077696_1981-10-10_1990.jpg,1,8
imdb_crop/43/nm0646943_rm3676409344_1981-10-10_1990.jpg,1,8
imdb_crop/43/nm0646943_rm3743518208_1981-10-10_1990.jpg,1,8
imdb_crop/30/nm2648030_rm1108914176_1999-3-12_2008.jpg,0,8
imdb_crop/30/nm2648030_rm1394126848_1999-3-12_2009.jpg,0,9
imdb_crop/30/nm2648030_rm1427681280_1999-3-12_2009.jpg,0,9
imdb_crop/30/nm2648030_rm1494790144_1999-3-12_2009.jpg,0,9
imdb_crop/30/nm2648030_rm1528344576_1999-3-12_2009.jpg,0,9
imdb_crop/30/nm2648030_rm2786635776_1999-3-12_2009.jpg,0,9
imdb_crop/92/nm0743092_rm1584044288_1989-12-28_1996.jpg,0,6
imdb_crop/73/nm0748973_rm4106335744_1972-7-27_1975.jpg,0,2
imdb_crop/73/nm0748973_rm4274107904_1972-7-27_1975.jpg,0,2
imdb_crop/88/nm1748388_rm1072937728_1998-1-9_2006.jpg,0,7
imdb_crop/01/nm0840401_rm1346290688_1961-12-12_1963.jpg,0,1
imdb_crop/43/nm0848543_rm358843392_1982-2-8_1992.jpg,1,9
imdb_crop/43/nm0848543_rm90407936_1982-2-8_1992.jpg,1,9
imdb_crop/45/nm1940545_rm1081919488_1984-0-0_1984.jpg,1,0
imdb_crop/45/nm1940545_rm1182582784_1984-0-0_1984.jpg,1,0
imdb_crop/58/nm1942458_rm232560128_1997-3-21_2006.jpg,0,8
imdb_crop/34/nm3946934_rm3898464256_2003-6-11_2013.jpg,0,9
imdb_crop/37/nm0052037_rm2715797760_1981-3-27_1990.jpg,0,8
imdb_crop/37/nm0052037_rm652200192_1981-3-27_1990.jpg,0,8
imdb_crop/65/nm2051265_rm2553058304_1999-2-19_2007.jpg,1,7
imdb_crop/65/nm2051265_rm2569835520_1999-2-19_2007.jpg,1,7
imdb_crop/65/nm2051265_rm3861681152_1999-2-19_2007.jpg,1,7
imdb_crop/65/nm2051265_rm3878458368_1999-2-19_2007.jpg,1,7
imdb_crop/60/nm2055160_rm1866971136_1997-1-9_2007.jpg,0,9
imdb_crop/75/nm1153175_rm1830132480_1995-7-7_2002.jpg,0,6
imdb_crop/75/nm1153175_rm1846909696_1995-7-7_2002.jpg,0,6
imdb_crop/20/nm3159020_rm130662912_1992-2-18_2001.jpg,0,8
imdb_crop/20/nm3159020_rm29999616_1992-2-18_2001.jpg,0,8
imdb_crop/20/nm3159020_rm80331264_1992-2-18_2001.jpg,0,8
imdb_crop/20/nm3159020_rm935969280_1992-2-18_2001.jpg,0,8
imdb_crop/08/nm5153308_rm2267860224_2007-8-28_2014.jpg,1,6
imdb_crop/79/nm2259079_rm1628474368_2000-7-25_2009.jpg,1,8
imdb_crop/79/nm2259079_rm3290011136_2000-7-25_2007.jpg,1,6
imdb_crop/65/nm0355265_rm416515328_1959-1-1_1968.jpg,1,9
imdb_crop/79/nm0355379_rm1866239488_1985-2-4_1994.jpg,1,8
imdb_crop/79/nm0355379_rm2050788864_1985-2-4_1994.jpg,1,8
imdb_crop/79/nm0355379_rm3946352128_1985-2-4_1995.jpg,1,9
imdb_crop/87/nm1351987_rm2646186752_1993-8-11_2003.jpg,0,9
imdb_crop/87/nm1351987_rm2662963968_1993-8-11_2003.jpg,0,9
imdb_crop/41/nm1352341_rm4055472896_1993-1-18_2003.jpg,0,9
imdb_crop/81/nm1352881_rm3887700736_1995-6-19_2003.jpg,1,7
imdb_crop/00/nm1352900_rm3028063744_1998-7-1_2008.jpg,0,9
imdb_crop/33/nm3357633_rm3019476736_2001-12-0_2010.jpg,1,8
imdb_crop/33/nm3357633_rm3519516416_2001-12-0_2010.jpg,1,8
imdb_crop/22/nm3450022_rm3777593600_2000-4-9_2006.jpg,0,5
imdb_crop/89/nm0652089_rm860657920_1992-3-10_2002.jpg,0,9
imdb_crop/50/nm1659650_rm2696911616_1998-6-16_2005.jpg,0,6
imdb_crop/50/nm1659650_rm2915015424_1998-6-16_2005.jpg,0,6
imdb_crop/50/nm1659650_rm2931792640_1998-6-16_2005.jpg,0,6
imdb_crop/50/nm1659650_rm2948569856_1998-6-16_2005.jpg,0,6
imdb_crop/01/nm4652001_rm2636820992_2002-7-23_2011.jpg,1,8
imdb_crop/01/nm4652001_rm3707482880_2002-7-23_2011.jpg,1,8
imdb_crop/12/nm0754512_rm944544000_1992-6-14_2002.jpg,1,9
imdb_crop/76/nm1758376_rm2465432064_1995-4-11_2004.jpg,1,8
imdb_crop/79/nm0853779_rm1195150848_1988-8-19_1994.jpg,1,5
imdb_crop/79/nm0853779_rm289181184_1988-8-19_1994.jpg,1,5
imdb_crop/79/nm0853779_rm490507776_1988-8-19_1994.jpg,1,5
imdb_crop/69/nm0858969_rm830577408_1990-1-30_2000.jpg,1,9
imdb_crop/31/nm2854131_rm13222400_1994-11-10_2001.jpg,1,6
imdb_crop/55/nm2857655_rm1288677376_2002-4-8_2012.jpg,0,9
imdb_crop/55/nm2857655_rm1389340672_2002-4-8_2012.jpg,0,9
imdb_crop/55/nm2857655_rm2186991872_2002-4-8_2011.jpg,0,8
imdb_crop/55/nm2857655_rm224123136_2002-4-8_2012.jpg,0,9
imdb_crop/55/nm2857655_rm6019328_2002-4-8_2011.jpg,0,8
imdb_crop/37/nm2953537_rm3267986432_1984-10-25_1989.jpg,0,4
imdb_crop/37/nm2953537_rm3301540864_1984-10-25_1989.jpg,0,4
imdb_crop/37/nm2953537_rm3318318080_1984-10-25_1989.jpg,0,4
imdb_crop/37/nm2953537_rm3335095296_1984-10-25_1989.jpg,0,4
imdb_crop/37/nm2953537_rm3351872512_1984-10-25_1989.jpg,0,4
imdb_crop/97/nm2954597_rm2423292928_2001-3-6_2009.jpg,0,7
imdb_crop/23/nm1064823_rm1336646400_1994-5-24_2002.jpg,1,7
imdb_crop/23/nm1064823_rm3613367040_1994-5-24_2002.jpg,1,7
imdb_crop/23/nm1064823_rm778672640_1994-5-24_2004.jpg,1,9
imdb_crop/47/nm2069547_rm1445756928_2001-1-21_2003.jpg,1,1
imdb_crop/47/nm2069547_rm3099429120_2001-1-21_2003.jpg,1,1
imdb_crop/47/nm2069547_rm3977347328_2001-1-21_2003.jpg,1,1
imdb_crop/47/nm2069547_rm4292130304_2001-1-21_2003.jpg,1,1
imdb_crop/28/nm2167128_rm363170816_1999-6-2_2009.jpg,0,9
imdb_crop/40/nm0263040_rm3060111872_1961-3-7_1965.jpg,0,3
imdb_crop/40/nm0263040_rm3076889088_1961-3-7_1965.jpg,0,3
imdb_crop/24/nm0266824_rm1044421120_1994-2-23_2003.jpg,0,8
imdb_crop/24/nm0266824_rm2028509440_1994-2-23_2001.jpg,0,6
imdb_crop/24/nm0266824_rm2224196864_1994-2-23_2003.jpg,0,8
imdb_crop/24/nm0266824_rm2318056192_1994-2-23_2003.jpg,0,8
imdb_crop/24/nm0266824_rm2437454336_1994-2-23_1999.jpg,0,4
imdb_crop/24/nm0266824_rm2725943552_1994-2-23_2003.jpg,0,8
imdb_crop/24/nm0266824_rm2982317056_1994-2-23_2004.jpg,0,9
imdb_crop/24/nm0266824_rm422090752_1994-2-23_2002.jpg,0,7
imdb_crop/24/nm0266824_rm42900224_1994-2-23_2002.jpg,0,7
imdb_crop/24/nm0266824_rm455645184_1994-2-23_2002.jpg,0,7
imdb_crop/24/nm0266824_rm628070656_1994-2-23_2004.jpg,0,9
imdb_crop/66/nm1262166_rm1207143424_1997-5-1_2005.jpg,0,7
imdb_crop/66/nm1262166_rm2868087808_1997-5-1_2005.jpg,0,7
imdb_crop/66/nm1262166_rm3359677184_1997-5-1_2005.jpg,0,7
imdb_crop/66/nm1262166_rm3771374336_1997-5-1_2005.jpg,0,7
imdb_crop/66/nm1262166_rm4023032576_1997-5-1_2005.jpg,0,7
imdb_crop/57/nm2265157_rm389585408_1997-2-25_2007.jpg,0,9
imdb_crop/34/nm2265334_rm2133626112_2000-5-7_2006.jpg,1,5
imdb_crop/17/nm0364117_rm0691712_1980-3-2_1989.jpg,0,8
imdb_crop/17/nm0364117_rm51023360_1980-3-2_1989.jpg,0,8
imdb_crop/50/nm0365450_rm2854718976_1985-2-17_1994.jpg,0,8
imdb_crop/50/nm0365450_rm3997011456_1985-2-17_1995.jpg,0,9
imdb_crop/48/nm1367048_rm2872613632_1998-8-1_2005.jpg,1,6
imdb_crop/48/nm1367048_rm2889390848_1998-8-1_2005.jpg,1,6
imdb_crop/66/nm2369266_rm1199807232_1992-10-28_2002.jpg,1,9
imdb_crop/27/nm1462727_rm2326305024_1995-10-25_2004.jpg,0,8
imdb_crop/84/nm0566084_rm1619958528_1992-9-28_2002.jpg,0,9
imdb_crop/84/nm0566084_rm2864945408_1992-9-28_2001.jpg,0,8
imdb_crop/84/nm0566084_rm4089682176_1992-9-28_2001.jpg,0,8
imdb_crop/43/nm0568443_rm2066257920_1994-4-4_1999.jpg,1,4
imdb_crop/54/nm0662454_rm3277554944_1980-3-30_1987.jpg,0,6
imdb_crop/54/nm0662454_rm3294332160_1980-3-30_1987.jpg,0,6
imdb_crop/17/nm1669817_rm1651022080_1997-7-22_2007.jpg,1,9
imdb_crop/12/nm4667912_rm3312105984_2003-8-23_2011.jpg,0,7
imdb_crop/04/nm6663204_rm550040320_1995-7-27_2003.jpg,0,7
imdb_crop/04/nm6663204_rm566817536_1995-7-27_2003.jpg,0,7
imdb_crop/04/nm6663204_rm600371968_1995-7-27_2003.jpg,0,7
imdb_crop/04/nm6663204_rm684258048_1995-7-27_2003.jpg,0,7
imdb_crop/04/nm6663204_rm701035264_1995-7-27_2003.jpg,0,7
imdb_crop/04/nm6663204_rm751366912_1995-7-27_2003.jpg,0,7
imdb_crop/04/nm6663204_rm801698560_1995-7-27_2003.jpg,0,7
imdb_crop/27/nm2762027_rm1576850944_1996-1-26_1997.jpg,1,0
imdb_crop/27/nm2762027_rm2281494016_1996-1-26_1997.jpg,1,0
imdb_crop/27/nm2762027_rm2868696576_1996-1-26_1997.jpg,1,0
imdb_crop/27/nm2762027_rm3103577600_1996-1-26_1997.jpg,1,0
imdb_crop/27/nm2762027_rm3120354816_1996-1-26_1997.jpg,1,0
imdb_crop/19/nm2765519_rm738167040_2000-5-30_2007.jpg,1,6
imdb_crop/17/nm0864117_rm60267008_1991-1-21_1996.jpg,0,4
imdb_crop/17/nm0864117_rm899127808_1991-1-21_1996.jpg,0,4
imdb_crop/79/nm0868479_rm4211323392_1966-7-12_1973.jpg,0,6
imdb_crop/29/nm1869029_rm3200680448_1995-6-2_2004.jpg,1,8
imdb_crop/29/nm1869029_rm3217457664_1995-6-2_2004.jpg,1,8
imdb_crop/60/nm0962260_rm3486947584_1993-10-30_2003.jpg,1,9
imdb_crop/79/nm2965079_rm2100933376_2004-7-2_2011.jpg,0,6
imdb_crop/79/nm2965079_rm3170433024_2004-7-2_2014.jpg,0,9
imdb_crop/23/nm4961623_rm1701161984_2002-3-16_2012.jpg,0,9
imdb_crop/23/nm4961623_rm1717939200_2002-3-16_2012.jpg,0,9
imdb_crop/23/nm4961623_rm1967500288_2002-3-16_2012.jpg,0,9
imdb_crop/23/nm4961623_rm2769463552_2002-3-16_2012.jpg,0,9
imdb_crop/23/nm4961623_rm912632832_2002-3-16_2012.jpg,0,9
imdb_crop/52/nm1071252_rm2116655104_1994-5-4_2003.jpg,1,8
imdb_crop/80/nm1071580_rm1869715712_1996-1-5_2002.jpg,0,5
imdb_crop/81/nm2079681_rm1880854272_2000-4-11_2010.jpg,0,9
imdb_crop/81/nm2079681_rm3895433728_2000-4-11_2008.jpg,0,7
imdb_crop/81/nm2079681_rm983662592_2000-4-11_2010.jpg,0,9
imdb_crop/11/nm3072911_rm1786294272_1994-10-5_2004.jpg,1,9
imdb_crop/11/nm3072911_rm2172236800_1994-10-5_2004.jpg,1,9
imdb_crop/41/nm0171041_rm1031325696_1968-2-8_1978.jpg,1,9
imdb_crop/41/nm0171041_rm1064880128_1968-2-8_1978.jpg,1,9
imdb_crop/41/nm0171041_rm1516750848_1968-2-8_1978.jpg,1,9
imdb_crop/41/nm0171041_rm2640824320_1968-2-8_1978.jpg,1,9
imdb_crop/41/nm0171041_rm3228026880_1968-2-8_1978.jpg,1,9
imdb_crop/41/nm0171041_rm3314981376_1968-2-8_1978.jpg,1,9
imdb_crop/41/nm0171041_rm3446130688_1968-2-8_1978.jpg,1,9
imdb_crop/41/nm0171041_rm360237056_1968-2-8_1978.jpg,1,9
imdb_crop/41/nm0171041_rm377014272_1968-2-8_1978.jpg,1,9
imdb_crop/41/nm0171041_rm4080239616_1968-2-8_1978.jpg,1,9
imdb_crop/41/nm0171041_rm947439616_1968-2-8_1978.jpg,1,9
imdb_crop/41/nm0171041_rm980994048_1968-2-8_1978.jpg,1,9
imdb_crop/28/nm0177528_rm2590492672_1975-11-2_1978.jpg,1,2
imdb_crop/74/nm0178574_rm4276795648_1994-7-19_1999.jpg,1,4
imdb_crop/01/nm2172001_rm3003156480_2000-9-3_2009.jpg,0,8
imdb_crop/01/nm2172001_rm3019933696_2000-9-3_2009.jpg,0,8
imdb_crop/01/nm2172001_rm434212608_2000-9-3_2010.jpg,0,9
imdb_crop/96/nm5172696_rm1642834176_2005-8-28_2012.jpg,0,6
imdb_crop/96/nm5172696_rm1693165824_2005-8-28_2012.jpg,0,6
imdb_crop/06/nm0272706_rm399017216_1994-10-9_2004.jpg,0,9
imdb_crop/86/nm0275486_rm1624083712_1970-5-18_1975.jpg,0,4
imdb_crop/86/nm0275486_rm1657707264_1970-5-18_1975.jpg,0,4
imdb_crop/86/nm0275486_rm2103284736_1970-5-18_1975.jpg,0,4
imdb_crop/86/nm0275486_rm3454239232_1970-5-18_1975.jpg,0,4
imdb_crop/48/nm0276148_rm1530840064_1953-9-9_1963.jpg,0,9
imdb_crop/07/nm0276707_rm3342112768_1990-12-1_1999.jpg,1,8
imdb_crop/96/nm0279896_rm1336854784_1981-10-22_1988.jpg,1,6
imdb_crop/96/nm0279896_rm1823394048_1981-10-22_1988.jpg,1,6
imdb_crop/96/nm0279896_rm1890502912_1981-10-22_1988.jpg,1,6
imdb_crop/96/nm0279896_rm2145306880_1981-10-22_1988.jpg,1,6
imdb_crop/62/nm4270462_rm130662912_1992-6-26_2001.jpg,1,8
imdb_crop/62/nm4270462_rm29999616_1992-6-26_2001.jpg,1,8
imdb_crop/62/nm4270462_rm935969280_1992-6-26_2001.jpg,1,8
imdb_crop/73/nm0376973_rm1586809088_1956-10-20_1966.jpg,1,9
imdb_crop/73/nm0376973_rm1788135680_1956-10-20_1966.jpg,1,9
imdb_crop/73/nm0376973_rm3633629440_1956-10-20_1966.jpg,1,9
imdb_crop/73/nm0376973_rm664127744_1956-10-20_1966.jpg,1,9
imdb_crop/88/nm0377888_rm3913075712_1971-5-25_1979.jpg,1,7
imdb_crop/88/nm0377888_rm4231842816_1971-5-25_1979.jpg,1,7
imdb_crop/25/nm1372025_rm1896320256_1998-7-10_2005.jpg,0,6
imdb_crop/83/nm1372583_rm157522432_1997-2-12_2005.jpg,1,7
imdb_crop/83/nm1372583_rm2334432000_1997-2-12_2007.jpg,1,9
imdb_crop/75/nm1377375_rm2234702848_1981-8-25_1981.jpg,0,0
imdb_crop/75/nm1377375_rm2268257280_1981-8-25_1981.jpg,0,0
imdb_crop/24/nm1477924_rm1835773952_1995-12-3_2005.jpg,0,9
imdb_crop/37/nm0573037_rm3788539648_1968-7-27_1975.jpg,1,6
imdb_crop/42/nm1573842_rm2494204672_1998-1-7_2008.jpg,0,9
imdb_crop/52/nm1576352_rm3685649408_1995-12-18_2004.jpg,1,8
imdb_crop/66/nm1578066_rm2418187520_1997-5-19_2005.jpg,0,7
imdb_crop/66/nm1578066_rm2468519168_1997-5-19_2005.jpg,0,7
imdb_crop/66/nm1578066_rm2485296384_1997-5-19_2005.jpg,0,7
imdb_crop/54/nm2572554_rm1824560640_1998-4-6_2008.jpg,0,9
imdb_crop/54/nm2572554_rm944609792_1998-4-6_2007.jpg,0,8
imdb_crop/54/nm2572554_rm950246144_1998-4-6_2007.jpg,0,8
imdb_crop/37/nm1670137_rm2867366912_1995-7-9_2005.jpg,0,9
imdb_crop/02/nm1675002_rm3680876800_1997-3-29_2005.jpg,1,7
imdb_crop/17/nm2679917_rm2913638144_1992-9-16_2002.jpg,1,9
imdb_crop/55/nm0775455_rm2739378944_1990-10-18_1997.jpg,0,6
imdb_crop/61/nm2778261_rm2465432064_1995-5-12_2004.jpg,1,8
imdb_crop/23/nm3775423_rm1588169984_1992-12-8_2002.jpg,0,9
imdb_crop/23/nm3775423_rm2043644928_1992-12-8_2002.jpg,0,9
imdb_crop/23/nm3775423_rm2092796928_1992-12-8_2002.jpg,0,9
imdb_crop/23/nm3775423_rm2248129280_1992-12-8_2002.jpg,0,9
imdb_crop/23/nm3775423_rm3036658432_1992-12-8_2002.jpg,0,9
imdb_crop/23/nm3775423_rm3071315712_1992-12-8_2002.jpg,0,9
imdb_crop/23/nm3775423_rm3509620480_1992-12-8_2002.jpg,0,9
imdb_crop/23/nm3775423_rm3517156608_1992-12-8_2002.jpg,0,9
imdb_crop/23/nm3775423_rm3591606016_1992-12-8_2002.jpg,0,9
imdb_crop/23/nm3775423_rm3662842880_1992-12-8_2002.jpg,0,9
imdb_crop/23/nm3775423_rm48991488_1992-12-8_2002.jpg,0,9
imdb_crop/33/nm0973533_rm1801624320_1996-12-20_2002.jpg,0,5
imdb_crop/40/nm2978540_rm2864613888_1998-2-11_2008.jpg,1,9
imdb_crop/40/nm2978540_rm2898168320_1998-2-11_2008.jpg,1,9
imdb_crop/40/nm2978540_rm2998831616_1998-2-11_2008.jpg,1,9
imdb_crop/40/nm2978540_rm3015608832_1998-2-11_2008.jpg,1,9
imdb_crop/40/nm2978540_rm3049163264_1998-2-11_2008.jpg,1,9
imdb_crop/40/nm2978540_rm3166603776_1998-2-11_2008.jpg,1,9
imdb_crop/24/nm0080524_rm1602078720_1975-12-12_1985.jpg,0,9
imdb_crop/04/nm1086604_rm1358666496_1991-4-4_1999.jpg,0,7
imdb_crop/04/nm1086604_rm1375443712_1991-4-4_1999.jpg,0,7
imdb_crop/04/nm1086604_rm1392220928_1991-4-4_1999.jpg,0,7
imdb_crop/04/nm1086604_rm1408998144_1991-4-4_1999.jpg,0,7
imdb_crop/04/nm1086604_rm1425775360_1991-4-4_1999.jpg,0,7
imdb_crop/04/nm1086604_rm1610324736_1991-4-4_1999.jpg,0,7
imdb_crop/90/nm2089090_rm1245616640_1998-12-29_2006.jpg,1,7
imdb_crop/90/nm2089090_rm1262393856_1998-12-29_2006.jpg,1,7
imdb_crop/90/nm2089090_rm3013457920_1998-12-29_2006.jpg,1,7
imdb_crop/90/nm2089090_rm3469187328_1998-12-29_2006.jpg,1,7
imdb_crop/90/nm2089090_rm3586627840_1998-12-29_2006.jpg,1,7
imdb_crop/90/nm2089090_rm3653736704_1998-12-29_2006.jpg,1,7
imdb_crop/83/nm5085683_rm1008258048_2006-6-25_2012.jpg,0,5
imdb_crop/83/nm5085683_rm3691498496_2006-6-25_2012.jpg,0,5
imdb_crop/18/nm0182718_rm3110574592_1988-1-31_1997.jpg,1,8
imdb_crop/76/nm0189476_rm2657404928_1963-3-6_1970.jpg,0,6
imdb_crop/76/nm0189476_rm4083468288_1963-3-6_1970.jpg,0,6
imdb_crop/76/nm0189476_rm4133799936_1963-3-6_1970.jpg,0,6
imdb_crop/50/nm1189150_rm1752287232_1990-12-24_1993.jpg,1,2
imdb_crop/50/nm1189150_rm1886504960_1990-12-24_1993.jpg,1,2
imdb_crop/50/nm1189150_rm2003945472_1990-12-24_1993.jpg,1,2
imdb_crop/14/nm2186514_rm2620430336_1998-8-21_2006.jpg,0,7
imdb_crop/74/nm4185974_rm1112734720_2005-1-20_2015.jpg,0,9
imdb_crop/75/nm0281575_rm2889518592_1984-4-16_1993.jpg,1,8
imdb_crop/75/nm0281575_rm3057290752_1984-4-16_1993.jpg,1,8
imdb_crop/41/nm0286941_rm2657404928_1960-4-14_1970.jpg,1,9
imdb_crop/41/nm0286941_rm3966027776_1960-4-14_1970.jpg,1,9
imdb_crop/41/nm0286941_rm4083468288_1960-4-14_1970.jpg,1,9
imdb_crop/30/nm0289030_rm4029910528_1974-10-6_1984.jpg,1,9
imdb_crop/40/nm0289340_rm3330263040_1979-12-17_1989.jpg,0,9
imdb_crop/07/nm1287507_rm1509989120_1997-5-9_2007.jpg,1,9
imdb_crop/36/nm1287636_rm991075072_1992-5-12_2002.jpg,1,9
imdb_crop/82/nm0388382_rm1433049344_1987-9-11_1996.jpg,1,8
imdb_crop/50/nm1382250_rm2429860352_2000-1-4_2007.jpg,0,6
imdb_crop/50/nm1382250_rm988387328_2000-1-4_2007.jpg,0,6
imdb_crop/26/nm1384126_rm1126799360_1994-10-28_2003.jpg,1,8
imdb_crop/67/nm3389267_rm198871296_1998-11-17_2008.jpg,1,9
imdb_crop/10/nm1482510_rm3137132032_1987-12-28_1997.jpg,0,9
imdb_crop/31/nm3489031_rm3531309056_2002-0-0_2010.jpg,1,8
imdb_crop/26/nm1586126_rm1272744192_1999-3-0_2009.jpg,0,9
imdb_crop/26/nm1586126_rm3457522432_1999-3-0_2006.jpg,0,6
imdb_crop/08/nm5583008_rm1175377152_2004-12-13_2014.jpg,1,9
imdb_crop/08/nm5583008_rm1208931584_2004-12-13_2014.jpg,1,9
imdb_crop/08/nm5583008_rm1747375360_2004-12-13_2014.jpg,1,9
imdb_crop/08/nm5583008_rm2864957952_2004-12-13_2014.jpg,1,9
imdb_crop/32/nm0688132_rm483302144_1971-9-16_1975.jpg,0,3
imdb_crop/32/nm0688132_rm714707968_1971-9-16_1975.jpg,0,3
imdb_crop/32/nm0688132_rm731485184_1971-9-16_1975.jpg,0,3
imdb_crop/24/nm1682324_rm1357482240_2000-1-8_2008.jpg,0,7
imdb_crop/24/nm1682324_rm1374259456_2000-1-8_2008.jpg,0,7
imdb_crop/24/nm1682324_rm1391036672_2000-1-8_2008.jpg,0,7
imdb_crop/24/nm1682324_rm1401850880_2000-1-8_2010.jpg,0,9
imdb_crop/24/nm1682324_rm1418628096_2000-1-8_2010.jpg,0,9
imdb_crop/24/nm1682324_rm1658949376_2000-1-8_2010.jpg,0,9
imdb_crop/62/nm1684762_rm2851642112_1998-6-15_2007.jpg,0,8
imdb_crop/92/nm4680692_rm3846098944_2005-1-11_2013.jpg,1,7
imdb_crop/45/nm4682545_rm10142720_2007-6-6_2014.jpg,0,6
imdb_crop/45/nm4682545_rm114669056_2007-6-6_2009.jpg,0,1
imdb_crop/45/nm4682545_rm1520422912_2007-6-6_2009.jpg,0,1
imdb_crop/45/nm4682545_rm1542496512_2007-6-6_2009.jpg,0,1
imdb_crop/45/nm4682545_rm1570754560_2007-6-6_2009.jpg,0,1
imdb_crop/45/nm4682545_rm1604308992_2007-6-6_2009.jpg,0,1
imdb_crop/45/nm4682545_rm2162020096_2007-6-6_2009.jpg,0,1
imdb_crop/45/nm4682545_rm2468467200_2007-6-6_2009.jpg,0,1
imdb_crop/45/nm4682545_rm3019438080_2007-6-6_2014.jpg,0,6
imdb_crop/45/nm4682545_rm339389952_2007-6-6_2009.jpg,0,1
imdb_crop/45/nm4682545_rm3648628224_2007-6-6_2009.jpg,0,1
imdb_crop/45/nm4682545_rm427214080_2007-6-6_2014.jpg,0,6
imdb_crop/45/nm4682545_rm538550784_2007-6-6_2009.jpg,0,1
imdb_crop/45/nm4682545_rm603047424_2007-6-6_2014.jpg,0,6
imdb_crop/45/nm4682545_rm662349312_2007-6-6_2009.jpg,0,1
imdb_crop/45/nm4682545_rm670156288_2007-6-6_2014.jpg,0,6
imdb_crop/45/nm4682545_rm854050048_2007-6-6_2014.jpg,0,6
imdb_crop/45/nm4682545_rm949090304_2007-6-6_2009.jpg,0,1
imdb_crop/74/nm0092774_rm1641650432_1995-3-19_2005.jpg,1,9
imdb_crop/81/nm0094581_rm3627650560_1985-8-19_1994.jpg,1,8
imdb_crop/76/nm0095176_rm1304616192_1981-12-3_1987.jpg,1,5
imdb_crop/76/nm0095176_rm3430598656_1981-12-3_1982.jpg,1,0
imdb_crop/61/nm0095561_rm3774454016_1987-8-18_1997.jpg,0,9
imdb_crop/55/nm1096355_rm1308415488_1991-8-4_1997.jpg,0,5
imdb_crop/61/nm0190261_rm1516616960_1962-5-28_1969.jpg,1,6
imdb_crop/88/nm1199888_rm3825047552_1996-2-17_2005.jpg,0,8
imdb_crop/73/nm2294573_rm1778568192_1999-8-19_2006.jpg,1,6
imdb_crop/36/nm0390936_rm743480064_1994-9-13_2002.jpg,1,7
imdb_crop/62/nm0391762_rm2101120512_1989-2-27_1994.jpg,0,4
imdb_crop/46/nm1393246_rm1512289792_1998-11-4_2004.jpg,0,5
imdb_crop/46/nm1393246_rm1545844224_1998-11-4_2004.jpg,0,5
imdb_crop/46/nm1393246_rm2189475072_1998-11-4_2004.jpg,0,5
imdb_crop/46/nm1393246_rm2507781120_1998-11-4_2004.jpg,0,5
imdb_crop/66/nm2397866_rm1700906496_1990-9-15_2000.jpg,1,9
imdb_crop/84/nm1492784_rm3384056320_1995-5-5_2004.jpg,1,8
imdb_crop/84/nm1492784_rm3551828480_1995-5-5_2004.jpg,1,8
imdb_crop/84/nm1492784_rm3585382912_1995-5-5_2004.jpg,1,8
imdb_crop/84/nm1492784_rm3618937344_1995-5-5_2004.jpg,1,8
imdb_crop/84/nm1492784_rm582326784_1995-5-5_2004.jpg,1,8
imdb_crop/84/nm1492784_rm666212864_1995-5-5_2004.jpg,1,8
imdb_crop/84/nm1492784_rm766876160_1995-5-5_2004.jpg,1,8
imdb_crop/84/nm1492784_rm783653376_1995-5-5_2004.jpg,1,8
imdb_crop/48/nm1497548_rm1813093120_1996-2-9_2006.jpg,1,9
imdb_crop/48/nm1497548_rm1829870336_1996-2-9_2006.jpg,1,9
imdb_crop/10/nm0597410_rm1690435072_1993-7-26_2000.jpg,0,6
imdb_crop/10/nm0597410_rm1779537920_1993-7-26_2000.jpg,0,6
imdb_crop/10/nm0597410_rm1784847104_1993-7-26_2002.jpg,0,8
imdb_crop/68/nm1597268_rm56859136_1996-5-9_2005.jpg,0,8
imdb_crop/68/nm1597268_rm73636352_1996-5-9_2005.jpg,0,8
imdb_crop/01/nm3595501_rm2164686848_1994-3-1_2000.jpg,1,5
imdb_crop/01/nm3595501_rm2591668736_1994-3-1_2000.jpg,1,5
imdb_crop/01/nm3595501_rm3799628288_1994-3-1_2000.jpg,1,5
imdb_crop/01/nm3595501_rm3816405504_1994-3-1_2000.jpg,1,5
imdb_crop/13/nm5590913_rm1537189632_2003-9-11_2012.jpg,1,8
imdb_crop/30/nm1892830_rm2922617600_1999-4-8_2007.jpg,1,7
imdb_crop/13/nm0993413_rm524130816_1996-4-17_2002.jpg,0,5
imdb_crop/83/nm0998183_rm2262142464_2000-4-3_2009.jpg,0,8
imdb_crop/09/nm1993409_rm2282592768_1997-8-19_2006.jpg,1,8
imdb_crop/09/nm1993409_rm2534251008_1997-8-19_2006.jpg,1,8
imdb_crop/80/nm1997480_rm2141819392_1998-1-12_2006.jpg,1,7
